Nike,Jordan 10,120
Under Armour,Training Pants X3,35
Addidas,Addidas Superstar Shoes ,80
Addidas,Addidas Lite Racer,35
Addidas,Addidas Campus Shoes,40
Addidas,Addidas Ultraboost 20,180
Addidas,Addidas NMD_R1 Shoes,130
Addidas,Addidas Questar Flow Shoes,53
Addidas,Addidas ZX 4000,200
Addidas,Addidas Alphaedge,200
Addidas,Addidas Alphaedge 4D,230
Addidas,Addidas Court 2.0 Shoes,32
Addidas,Addidas Samba  OG,80
Addidas,Addidas Cloudfoam QT ,65
Nike,Nike Flex Experience,41
Nike,Nike Air Monarch IV,60
Nike,Nike Free RN ,100
Nike,Nike SB Portmore ,48
Nike,Nike Downshifter,37
Nike,Nike Air Ring ,48
Nike,Nike Cortez,60
Nike,Nike Quest,40
Nike,Nike Flex Experience RN 8,40
Nike,Nike Odyssey React,70
Nike,Nike Air Max Torch 4,60
Nike,Nike Downshifter 9,52
Nike,Nike Revolution 5  ,60
Nike,Nike Air Monarch V,60
Nike,Nike Air Max Typha 2,56
Nike,Nike Air Max Command ,74
Nike,Nike Killshot 2,90
Nike,Nike Air Zoom Pegasus ,73
Nike,Nike Legend ,48
Nike,Nike Flex Experience RN 9,49
Nike,Nike Air VaporMax Flyknit 3,200
Nike,Nike Flex Experience V4,65
Under Armour ,Under Armour Charged Assert ,50
Under Armour ,Under Armour Charged Impulse,55
Under Armour ,Under Armour Surge Running Shoes,35
Under Armour ,Under Armour Charged 8 Assert,60
Under Armour ,Under Armour Men’s Street Encounter IV,60
Under Armour ,Under Armour Men’s micro Assert 7,54
Under Armour ,Under Armour Jet Men’s Black/Halo,75
Under Armour ,Under Armour UA Street Encount IV,50
Under Armour ,Under Armour Showdown SL Golf Shoes,99
Under Armour ,Under Armour Men’s Micro G,53
Under Armour ,Under Armour Scorpio 2,89
Under Armour ,Under Armour  Yard Trainer,80
Under Armour ,Under Armour TriBase ,120
